sex,name,bodyweight,squat,bench,deadlift,total
F,Tamara Walcott,134.30,272.50,172.50,290.00,735.00
F,Alexis Jones #1,137.81,276.50,172.50,272.50,721.50
F,April Mathis,113.40,272.16,174.63,258.55,705.34
F,Samantha Rice,84.45,267.50,155.00,280.00,702.50
F,Brittany Schlater,127.60,281.00,155.00,257.50,693.50
F,Chakera Ingram,81.50,245.00,165.00,282.50,692.50
F,Bradina Anae,194.50,270.00,152.50,267.50,690.00
F,Sonita Muluh,123.05,285.50,142.50,260.50,688.50
F,Carina Davis,122.20,270.00,175.00,242.50,687.50
F,Kristy Hawkins,73.60,265.00,150.00,272.50,687.50
F,Jessica Springer,113.90,237.50,177.50,272.50,687.50
F,Bonica Brown,141.00,280.00,147.50,252.50,680.00
F,Kiersten Scurlock,105.50,262.50,157.50,257.50,677.50
F,Hunter Henderson #1,81.40,267.50,152.50,250.00,670.00
F,Dina Hakeai,182.30,225.00,155.00,270.00,650.00
F,Mackenzie Lee,117.38,250.00,150.00,250.00,650.00
F,Emelie Leach,149.15,252.50,142.50,254.00,649.00
F,Jewel Tasi,120.05,277.50,127.50,242.50,647.50
F,Amélie Mierger,146.29,245.00,162.50,240.00,647.50
F,Amanda Lawrence #1,83.70,256.00,130.00,260.00,646.00
F,Sara Schiff,118.50,220.00,145.00,280.00,645.00
F,Natalie Laalaai,137.90,250.00,122.50,268.00,640.50
F,Amanda Martin #1,145.24,275.50,127.50,235.00,638.00
F,Daria Efimtseva,152.45,261.00,151.00,225.00,637.00
F,Sherine Marcelle,89.20,263.50,130.00,240.00,633.50
F,Brianny Terry,80.40,227.50,127.50,275.00,630.00
F,Britney Baker,135.01,232.50,135.00,260.00,627.50
F,Tenaya Tuteur,96.50,235.00,147.50,242.50,625.00
F,Marissa Wilson #1,107.10,265.00,145.00,215.00,625.00
F,Kheycie Romero,99.15,232.50,125.00,260.00,617.50
F,LeeAnn Hewitt,156.40,262.50,115.00,238.00,615.50
F,Sarah Brenner #1,135.24,247.50,110.00,258.00,615.50
F,Jasmine Davis #1,136.10,227.50,152.50,235.00,615.00
F,Sarah Lewis #1,80.50,230.00,130.00,255.00,615.00
F,Bri Carter,94.80,250.00,137.50,227.50,615.00
F,Daniella Melo,83.55,230.00,137.00,246.00,613.00
F,Mahailya Reeves,147.43,245.00,167.50,200.00,612.50
F,Riria Ropata,133.84,231.00,130.00,251.00,612.00
F,Theresa Simanu,132.80,235.00,131.00,245.00,611.00
F,Gabi Dixson,138.80,235.00,115.00,260.00,610.00
F,Randi Lee,109.40,230.00,137.50,241.00,608.50
F,Alex Donald,89.20,222.50,125.00,260.00,607.50
F,Anna-Lena Bellqvist,147.00,247.50,125.00,235.00,607.50
F,Amber Hansen,89.20,217.50,150.00,240.00,607.50
F,Allyson Casbon,117.30,240.00,128.00,237.50,605.50
F,Ashley Contorno,74.60,215.00,152.50,237.50,605.00
F,Nadia Otter,85.40,212.50,142.50,245.00,600.00
F,Kasey Croy,129.40,227.50,125.00,247.50,600.00
F,Hailey Kostynuik,131.50,252.50,125.00,222.50,600.00
F,Tyara Straka,118.00,230.00,137.50,232.50,600.00
F,Anne Andres,116.69,210.00,130.00,260.00,600.00
F,Gabrielle Felps,96.80,237.50,125.00,237.50,600.00
F,Karlina Tongotea,75.25,223.00,122.00,255.00,600.00
F,Natalya Kuzmina #1,83.50,225.00,132.50,240.00,597.50
F,Lagi Marina AhSang,153.40,245.00,117.50,235.00,597.50
F,Leah Davis #1,102.00,245.00,125.00,227.50,597.50
F,Terri Ashley,79.50,227.50,107.50,260.00,595.00
F,Lystus Ebosele,96.00,230.00,140.00,225.00,595.00
F,Viktoriya Ilieva,77.50,220.00,142.50,230.00,592.50
F,Taylor Phillips,98.90,230.00,130.00,232.50,592.50
F,Luseane Lafaele,118.90,225.00,127.50,240.00,592.50
F,Matilda Hjälle,106.75,222.50,155.00,215.00,592.50
F,Stella Abataeva,95.60,215.00,142.50,235.00,592.50
F,Emma Jarman,88.10,205.00,132.50,255.00,592.50
F,Jill Mills,78.90,207.50,140.00,245.00,592.50
F,Agata Sitko,75.60,197.50,153.00,240.00,590.50
F,Brittany Pryor,101.42,217.50,132.50,240.00,590.00
F,Kristín Þórhallsdóttir,83.36,225.00,122.50,242.50,590.00
F,Isabel Carina Nakken Cloin,114.24,222.50,125.00,240.00,587.50
F,Tess Heaslip,74.70,227.50,132.50,227.50,587.50
F,Destanie Peterson,177.54,244.94,113.40,226.80,585.13
F,Asveth Sreiram,82.10,200.00,135.00,250.00,585.00
F,Lisa Herrera,121.10,217.50,155.00,212.50,585.00
F,Jessica Buettner,75.25,218.50,105.00,261.50,585.00
F,Päivi Kaarto,98.60,210.00,130.00,242.50,582.50
F,Anna Pardzhiani,77.00,222.50,130.00,230.00,582.50
F,Erholove Izobodo-John,82.90,217.50,105.00,260.00,582.50
F,Monique Boddie,116.10,205.00,140.00,237.50,582.50
F,Luella Bowden,134.65,265.00,117.50,200.00,582.50
F,Mars Sickles,132.32,217.50,115.00,250.00,582.50
F,Ziana Azariah,83.71,220.00,107.50,253.50,581.00
F,Alaina Hernandez,114.76,229.06,124.74,226.80,580.60
F,Allison Hind,74.57,190.51,163.29,226.80,580.60
F,Tabitha Miller,127.03,227.50,117.50,235.00,580.00
F,Rebecca Holcomb,162.00,215.00,127.50,237.50,580.00
F,Sarah Lanzillo,78.90,227.50,130.00,222.50,580.00
F,Anna Karrila,82.90,200.00,145.00,235.00,580.00
F,Merrylynn Etelei,136.45,242.50,97.50,240.00,580.00
F,Cora Pavan,88.20,227.50,132.50,220.00,580.00
F,Laura Vogelsang,83.90,215.00,135.00,230.00,580.00
F,Irina Yaroshenko,106.00,202.50,122.50,255.00,580.00
F,Marianna Gasparyan,57.70,230.00,132.50,217.50,580.00
F,Leigh Wetheridge,119.15,232.50,117.50,229.00,579.00
F,Mario Clark,83.19,190.51,131.54,256.28,578.33
F,Iva Liou,111.20,220.00,117.50,240.00,577.50
F,Eugenia Tashquinth,151.10,232.50,112.50,232.50,577.50
F,Marina Shelton,89.76,227.50,120.00,230.00,577.50
F,Nicole Potteiger,89.50,217.50,130.00,227.50,575.00
F,Chelsea Tapoof,136.30,272.50,95.00,207.50,575.00
F,Amanda Smith #5,73.00,227.50,120.00,227.50,575.00
F,Patricia Johnson,101.60,200.00,120.00,255.00,575.00
F,Brie Levy,96.20,225.00,127.50,221.00,573.50
F,Elizabeth Aldridge,102.60,210.00,122.50,240.00,572.50
F,Bethany Gonzales,162.00,225.00,132.50,215.00,572.50
F,Mackenzie Hoven,132.99,245.00,95.00,232.50,572.50
F,Taylar Stallings,74.20,205.00,125.00,242.50,572.50
F,Morgan Turner #1,88.20,207.50,117.50,247.50,572.50
F,Joyce Accad,108.85,220.00,132.50,220.00,572.50
F,Danielle Viljoen,74.30,212.50,127.50,232.50,572.50
F,Heidi Lewis,105.20,212.50,117.50,240.50,570.50
F,Karley Richard,87.20,210.00,110.00,250.00,570.00
F,Camille Holland,132.22,250.00,120.00,197.50,567.50
F,Ciarra Hutton,80.40,202.50,107.50,257.50,567.50
F,Alana D'Aquino,67.40,202.50,125.00,240.00,567.50
F,Victoire Kothor,122.00,220.00,112.50,235.00,567.50
F,Jessica Brownlee,117.90,227.50,120.00,220.00,567.50
F,Barbara Lee #1,67.40,202.50,120.00,245.00,567.50
F,K'Aunica Byrd,66.30,200.00,127.50,240.00,567.50
F,Lindsay Fay,130.45,247.50,105.00,215.00,567.50
F,Lacey Daniel,81.80,202.50,122.50,242.50,567.50
F,Brenda Sanchez,116.90,240.00,105.00,222.50,567.50
F,Jeanine Whittaker,88.63,213.19,124.74,229.06,566.99
F,Grecia Torres,111.75,215.00,115.00,235.00,565.00
F,Marisa Lattin-LeBlanc,105.50,207.50,117.50,240.00,565.00
F,Olga Kuzmina,145.85,235.00,125.00,205.00,565.00
F,Fang-Yun Su,119.40,237.50,127.50,200.00,565.00
F,Angelina Elovikova,77.15,210.00,115.00,240.00,565.00
F,Shelby David,75.10,207.50,130.00,227.50,565.00
F,Chloe Lansing,73.90,215.00,120.00,230.00,565.00
F,Stacy Burr,66.90,210.00,127.50,227.50,565.00
F,Nicolette Zeigler,89.20,210.00,120.00,235.00,565.00
F,Katherine Ducotey,90.20,220.00,132.50,212.50,565.00
F,Rachel Torres,74.20,200.00,127.50,235.50,563.00
F,Emelie Pettersson,116.58,222.50,130.00,210.00,562.50
F,Angie Becker,104.10,230.00,127.50,205.00,562.50
F,Christie Hoffmeyer,119.10,202.50,110.00,250.00,562.50
F,Aquinn Onuoha,105.10,210.00,100.00,251.00,561.00
F,Jasmyn Penn,74.17,212.50,130.00,217.50,560.00
F,Chealsea Enemor,112.04,217.50,115.00,227.50,560.00
F,Dani Myers Glynn,106.15,220.00,112.50,227.50,560.00
F,Melissa Copeland,115.20,208.50,136.50,215.00,560.00
F,Kieonna Peake,87.90,212.50,110.00,237.50,560.00
F,Ashley Garcia #1,73.10,212.50,120.00,227.50,560.00
F,Amber Simpkins,90.10,205.00,130.50,222.50,558.00
F,Melissa Gustafson,133.30,210.00,127.50,220.00,557.50
F,LaShae Rolle,103.35,200.00,132.50,225.00,557.50
F,Ceejay Byam,73.75,197.50,132.50,227.50,557.50
F,Nicole Moore,74.12,202.50,112.50,242.50,557.50
F,Abena Atuobi,148.85,215.00,122.50,220.00,557.50
F,Leonetta Richardson,90.00,187.50,142.50,227.50,557.50
F,Taylor Castille,166.95,235.00,112.50,210.00,557.50
F,Carola Garra,62.90,207.50,142.50,207.50,557.50
F,Karrie Macknair,89.80,210.00,122.50,225.00,557.50
F,Cara Boss,90.00,203.00,123.00,231.00,557.00
F,Ielja Strik,91.52,202.50,144.50,210.00,557.00
F,Prescillia Bavoil,62.60,213.00,112.50,231.00,556.50
F,Margaret Necaise,82.18,205.00,110.00,241.00,556.00
F,Laura Mautalen,74.90,200.00,145.50,210.00,555.50
F,Layla Taylor,81.62,216.50,130.00,209.00,555.50
F,Jessica Hause,73.70,215.00,125.00,215.00,555.00
F,Tasha Williams,83.80,195.00,150.00,210.00,555.00
F,Shanae Smithson,79.00,222.50,115.00,217.50,555.00
F,Temitope Nuga,82.60,200.00,115.00,240.00,555.00
F,Taylor Ball #2,81.00,217.50,112.50,225.00,555.00
F,Nolene Kingi,107.50,215.00,117.50,222.50,555.00
F,Heather Smith,80.50,205.00,145.00,205.00,555.00
F,Shaina Record,87.50,212.50,130.00,210.00,552.50
F,Kelli Thomson,87.60,200.00,125.00,227.50,552.50
F,Samantha Jefferson,88.30,197.50,127.50,227.50,552.50
F,Maureen Bornbaum,75.00,200.00,122.50,230.00,552.50
F,Brittainy Chown,89.30,210.00,105.00,237.50,552.50
F,Nadia Moumine,137.85,222.50,140.00,190.00,552.50
F,Lisa Quevedo,137.20,190.00,142.50,220.00,552.50
F,Matile Sitagata,117.00,220.50,92.50,237.50,550.50
F,Viktoriya Knysh,87.90,160.00,160.00,230.00,550.00
F,Michelle Buchanan #1,77.70,207.50,115.00,227.50,550.00
F,Xeniya Okatenko,111.90,200.00,145.00,205.00,550.00
F,Jiaojiao Xu,85.30,230.00,110.00,210.00,550.00
F,Ashleigh Andrews,114.24,212.50,135.00,202.50,550.00
F,Kimberly Walford,70.91,188.00,115.00,246.00,549.00
F,Sophia Ellis,74.77,180.00,122.50,245.50,548.00
F,Kimberly Mossburg,154.10,205.50,112.50,230.00,548.00
F,Brea De Jonge,121.55,232.00,115.00,201.00,548.00
F,Racheal Paveglio,125.80,210.00,112.50,225.00,547.50
F,Amanda Torres #1,130.20,227.50,102.50,217.50,547.50
F,Poha Henson,116.10,205.00,105.00,237.50,547.50
F,Jennessa Labbate,67.20,187.50,132.50,227.50,547.50
F,Najat Khoury,140.25,240.00,107.50,200.00,547.50
F,Landri Peden,73.40,192.50,117.50,237.50,547.50
F,Janelle Hartwig,128.70,227.50,102.50,217.50,547.50
F,Tatyana Merezhko,83.50,212.50,110.00,225.00,547.50
F,Jacquelynne Duble,97.86,215.00,115.00,215.00,545.00
F,Maria Dailey,73.14,195.00,110.00,240.00,545.00
F,Lexi Harris,177.20,215.00,115.00,215.00,545.00
F,Brittany Trahan,80.10,212.50,102.50,230.00,545.00
F,Maria Canela Basilio,105.40,220.00,105.00,220.00,545.00
F,Tiffany Savage,80.90,182.50,135.00,227.50,545.00
F,Ogechi Akalegbere,99.40,230.00,107.50,207.50,545.00
F,Kylee Craig,74.70,202.50,147.50,195.00,545.00
F,Molly O'Rourke,99.43,192.50,122.50,230.00,545.00
F,Alex Jackson #1,96.80,207.50,122.50,215.00,545.00
F,Erin Westby,67.65,210.00,120.00,215.00,545.00
F,Eva Dunbar,66.50,192.50,122.50,230.00,545.00
F,Hildeborg Juvet Hugdal,126.80,203.00,131.00,210.50,544.50
F,Marte Kjenner,68.68,190.00,128.00,225.00,543.00
F,Allison White,88.90,177.50,137.50,227.50,542.50
F,Shelby Miles,90.80,190.00,132.50,220.00,542.50
F,Dayna McNeal,80.00,195.00,105.00,242.50,542.50
F,Arlene Hernandez,139.90,190.00,145.00,207.50,542.50
F,Y'Deidre Greene,89.40,187.50,127.50,227.50,542.50
F,Meghan Scanlon,63.00,192.50,135.00,215.00,542.50
F,Kopper Carter,114.48,200.00,132.50,210.00,542.50
F,Sarthak Pawar,82.50,182.50,140.00,220.00,542.50
F,Collette Bates,96.43,204.12,99.79,238.14,542.04
F,Sophia Singler,82.30,223.00,102.50,215.00,540.50
F,Susan Salazar,60.00,197.50,120.00,223.00,540.50
F,Ana Rosa Castellain,70.50,196.50,130.00,214.00,540.50
F,Lydia Rodriguez,111.50,265.00,95.00,180.00,540.00
F,Gabby Martinez #1,69.75,197.50,117.50,225.00,540.00
F,Annie Nelson,68.78,200.00,115.00,225.00,540.00
F,Michelle Rennick,128.11,237.50,105.00,197.50,540.00
F,Kristen Best,75.00,187.50,115.00,237.50,540.00
F,Anastasiya Minaeva,87.05,215.00,135.00,190.00,540.00
F,Chrissy Castellano,84.90,190.00,130.00,220.00,540.00
F,Erin Palma,101.10,210.00,102.50,227.50,540.00
F,Kennia Webb,88.28,177.50,117.50,245.00,540.00
F,Clara Peyraud,68.48,182.50,120.00,237.50,540.00
F,Robyn Machado,66.80,195.00,117.50,227.50,540.00
F,Autumm Greene,79.82,212.50,117.50,210.00,540.00
F,Melinda Lombosi,132.36,203.00,144.00,192.50,539.50
F,Makenna Henderson,100.00,230.50,122.50,185.00,538.00
F,Ann Vanderbush,82.74,183.70,124.74,229.06,537.51
F,Macy Armstrong,86.85,192.50,115.00,230.00,537.50
F,Jacquelynn Sims,124.10,190.00,127.50,220.00,537.50
F,Hailey Tucker,107.70,227.50,105.00,205.00,537.50
F,Ágnes Szabó,118.15,207.50,140.00,190.00,537.50
F,Alivia Patterson,118.00,195.00,105.00,237.50,537.50
F,Jodie Sajor,74.80,195.00,135.00,207.00,537.00
F,Monique Jackson,67.50,173.00,141.00,222.50,536.50
F,Emilie Belanger,144.20,197.50,105.00,233.50,536.00
F,Annina Luotonen,133.46,180.00,125.00,230.50,535.50
F,Chandler Babb,68.25,192.50,107.50,235.00,535.00
F,Toyosi Omotoso,95.70,205.00,90.00,240.00,535.00
F,Madisyn Herron,168.50,255.00,107.50,172.50,535.00
F,Andrea White,67.10,175.00,137.50,222.50,535.00
F,Kathryn Mabe,80.70,215.00,125.00,195.00,535.00
F,Shanea Rufus,106.59,207.50,137.50,190.00,535.00
F,Olga Gerasimyuk,88.40,190.00,115.00,230.00,535.00
F,Hailey Ryan,144.80,215.00,112.50,207.50,535.00
F,Ayla Thurstan,81.50,185.00,132.50,217.50,535.00
F,Viktoriya Epikhina,83.60,180.00,135.00,220.00,535.00
F,Michelle Akpala,94.76,195.00,97.50,242.00,534.50
F,Sonia Manaena,128.30,177.50,120.00,236.00,533.50
F,Ivana Horná,68.61,192.50,110.00,230.50,533.00
F,Steph Jeffers,133.04,165.56,115.67,251.74,532.97
F,Haley Hill,66.70,190.00,127.50,215.00,532.50
F,Cassie Williams,113.80,215.00,110.00,207.50,532.50
F,Alexi Agosto,73.90,182.50,130.00,220.00,532.50
F,Stephanie Jeffers,136.05,175.00,120.00,237.50,532.50
F,Hollie Sands,118.61,175.00,122.50,235.00,532.50
F,Marina Garcia de Almeida,82.90,192.50,110.00,230.00,532.50
F,Alyssa Smith #1,87.10,200.00,102.50,230.00,532.50
F,Alison O'Reilly,83.20,200.00,127.50,205.00,532.50
F,Vilma Olsson,73.90,211.00,118.50,202.50,532.00
F,Olivia St-Hilaire,83.82,187.50,131.00,212.50,531.00
F,Chelsea Savit,68.90,187.50,127.50,215.00,530.00
F,Bhargab Medhi,74.05,187.50,110.00,232.50,530.00
F,Lauren Morris,99.30,197.50,97.50,235.00,530.00
F,Jennifer Lyle,112.30,187.50,105.00,237.50,530.00
F,Francinie Bolandi,147.40,210.00,90.00,230.00,530.00
F,Kasey Himmelberger,96.95,197.50,100.00,232.50,530.00
F,Joy Caparaz,139.50,227.50,92.50,210.00,530.00
F,Amanda Doll,128.00,207.50,140.00,182.50,530.00
F,Mary Shepherd,124.80,222.50,102.50,205.00,530.00
F,Nicole Ordway,89.54,219.99,117.93,190.51,528.44
F,Oktawia Lurka,90.00,180.00,127.50,220.00,527.50
F,Shontavia House,86.20,182.50,115.00,230.00,527.50
F,Noelia Corona-Terry,68.80,205.00,125.00,197.50,527.50
F,Samantha Eugenie,66.64,185.00,117.50,225.00,527.50
F,Ayzha Quidit,90.00,220.00,122.50,185.00,527.50
F,Victoria Cavalier-Hirth,128.30,207.50,130.00,190.00,527.50
F,Aysha Elayan,75.00,192.50,95.00,240.00,527.50
F,Brittany Bowles,59.75,182.50,130.00,215.00,527.50
F,Erika Stevens,76.20,200.00,127.50,200.00,527.50
F,Ash Tinsley,105.80,186.00,104.00,237.00,527.00
F,Tavina Hensley,74.30,183.00,126.00,218.00,527.00
F,Julie Scanlon,74.84,192.78,138.35,195.04,526.17
F,Emily Reynolds,74.14,210.50,102.50,212.50,525.50
F,María Kristbjörg Lúðvíksdóttir,167.80,170.00,135.00,220.50,525.50
F,Chiara Bernardi,62.82,190.00,115.00,220.50,525.50
F,Eunice Miranda,80.90,190.00,137.50,198.00,525.50
F,Naz Salman,93.30,220.00,100.00,205.00,525.00
F,Tatyana Mazar,67.40,200.00,125.00,200.00,525.00
F,Sóley Margrét Jónsdóttir,126.90,215.00,110.00,200.00,525.00
F,Kelsey Hirte,88.80,180.00,115.00,230.00,525.00
F,Daniela Martinez #1,91.70,222.50,92.50,210.00,525.00
F,Alona Chumakova,115.69,225.00,100.00,200.00,525.00
F,Ashley Nunez,72.70,177.50,115.00,232.50,525.00
F,Annette Robbins,119.30,220.00,110.00,195.00,525.00
F,Brandes Dey,74.40,192.50,125.00,207.50,525.00
F,Amna Chaudhary,98.54,212.50,110.00,202.50,525.00
F,Nicole Gonzalez,63.30,197.50,110.00,217.50,525.00
F,Stefanie Cohen,54.80,190.00,105.00,230.00,525.00
F,Sarah Jackson,95.10,215.00,100.00,210.00,525.00
F,Karen Phillips,90.00,204.12,129.27,190.51,523.90
F,Taylor Woods,67.15,190.00,106.00,227.50,523.50
F,Kelli Millikan,150.40,187.50,106.00,230.00,523.50
F,LeAnn Ramirez,83.50,187.50,137.50,197.50,522.50
F,Julia Mills,75.60,185.00,127.50,210.00,522.50
F,Mária Köteles,144.01,190.00,132.50,200.00,522.50
F,Celine Crum,63.10,190.00,115.00,217.50,522.50
F,Francesca Parrello,75.48,190.00,102.50,230.00,522.50
F,Madila Palu,122.10,210.00,85.00,227.50,522.50
F,Cierra Laxton,86.60,170.00,112.50,240.00,522.50
F,Carrie Mercier-Grissinger,82.50,182.50,110.00,230.00,522.50
F,Kimberly Evers,109.00,205.00,86.00,230.00,521.00
F,Deborah Lowe,74.40,180.00,110.00,230.00,520.00
F,Jessie Toms,113.35,215.00,117.50,187.50,520.00
F,Steph Powell,66.40,182.50,95.00,242.50,520.00
F,Hillary Beard,101.00,180.00,102.50,237.50,520.00
F,Gina Aversa,80.10,187.50,97.50,235.00,520.00
F,Samantha Calhoun,64.55,177.50,112.50,230.00,520.00
F,Geordina Togia,112.00,212.50,95.00,212.50,520.00
F,Gigi Rademacher,66.90,205.00,102.50,212.50,520.00
F,Nikki Cassel,84.41,181.44,154.22,183.70,519.36
F,Quessandra Catlett,156.00,228.00,93.00,197.50,518.00
F,Kasey Kotara,149.90,212.50,110.00,195.00,517.50
F,Erikka Murphy,112.08,215.00,117.50,185.00,517.50
F,Kseniya Ostrovska,78.86,182.50,130.00,205.00,517.50
F,Allyson Abbs,121.60,215.00,107.50,195.00,517.50
F,Sally Perry #1,72.00,170.00,145.00,202.50,517.50
F,Yurika Kepae,136.20,230.00,107.50,180.00,517.50
F,Elizabeth Small,67.41,190.50,97.50,228.00,516.00
F,Rebecca Coggle,144.70,215.50,125.00,175.00,515.50
F,Star-Ayngelia Ara,66.80,167.50,117.50,230.00,515.00
F,Haley Randall,85.10,182.50,100.00,232.50,515.00
F,Anjeannette Wynands,115.00,185.00,97.50,232.50,515.00
F,Mira Lahtinen,75.27,180.00,125.00,210.00,515.00
F,Lindsay Dziedzic,124.35,232.50,90.00,192.50,515.00
F,Ya-Wen Chang,91.59,215.00,110.00,190.00,515.00
F,Anne Sheehan,78.80,192.50,125.00,197.50,515.00
F,Samantha Mello,89.40,212.50,105.00,197.50,515.00
F,Sara Naldi,66.02,187.50,102.50,223.00,513.00
F,Katelyn O'Donnell,90.90,181.44,127.01,204.12,512.56
F,Natalie Richards #1,55.80,180.00,107.50,225.00,512.50
F,Briana Bak,106.50,215.00,97.50,200.00,512.50
F,Ana Perez #1,89.70,185.00,97.50,230.00,512.50
F,Amanda Fiatoa,73.10,182.50,130.00,200.00,512.50
F,Cristi Bartlett,88.70,167.50,115.00,230.00,512.50
F,Cindy Tilton,114.30,191.00,131.50,190.00,512.50
F,Sharon Eggleton,66.50,180.00,127.50,205.00,512.50
F,Rachel Varner-Geary,92.50,212.50,102.50,197.50,512.50
F,Jennifer Thompson #1,67.55,160.00,148.50,202.50,511.00
F,Jade Jacob,56.67,186.00,97.50,227.50,511.00
F,Yelena Espinoza,56.00,182.50,107.50,220.00,510.00
F,Hailey Fitzhugh,128.70,230.00,100.00,180.00,510.00
F,Andrea Armstrong,57.10,195.00,120.00,195.00,510.00
F,Thu Ngo,92.30,215.00,75.00,218.00,508.00
F,Anna Stamets,113.49,159.66,116.12,231.79,507.57
F,Diana Karen Juárez Ferrer,63.70,200.00,100.00,207.50,507.50
F,Annika Zelander,71.62,182.50,125.00,200.00,507.50
F,Maria Muipu,93.86,205.00,127.50,175.00,507.50
F,Sylvia Szarvas,82.40,177.50,130.00,200.00,507.50
F,Jodey Reisz,123.60,175.00,130.00,202.50,507.50
F,Vicky Hembree,90.00,183.71,128.14,195.04,506.89
F,Whitney Baxley,61.40,180.00,90.00,235.00,505.00
F,Bridgette Tovar,116.65,212.50,102.50,190.00,505.00
F,Lapanda Mampikin,83.90,180.00,95.00,230.00,505.00
F,Caitlin Sullivan,71.80,220.00,100.00,185.00,505.00
F,Kaja Lamut,96.25,190.00,80.00,235.00,505.00
F,Iris Scholten,62.45,192.50,120.00,192.50,505.00
F,Joy Nnamani,62.50,177.50,102.50,225.00,505.00
F,Destiny Breen,81.90,177.50,90.00,236.00,503.50
F,Olivia Vilella,74.75,197.50,125.00,180.00,502.50
F,Donna Williams,68.90,175.00,125.00,202.50,502.50
F,Kristen Harold,104.40,165.00,97.50,240.00,502.50
F,Lexi Leneau,88.80,165.00,102.50,235.00,502.50
F,Ludivine Delos,63.00,184.50,102.50,215.00,502.00
F,Kimmy Castro,128.70,212.50,77.50,210.50,500.50
F,Alba Boström,62.84,175.00,117.50,207.50,500.00
F,Sara Šobak,65.90,182.50,125.00,192.50,500.00
F,Kate Mitchell-Roggeveen,76.90,170.00,125.00,205.00,500.00
F,Alyona Savina,96.86,202.50,127.50,170.00,500.00
F,Helene Tremblay,78.12,190.00,132.50,177.50,500.00
F,Alexis Goldstein,83.30,165.00,100.00,235.00,500.00
F,Suzanne Davis,59.70,175.00,113.50,210.00,498.50
F,Taylah Hoffman,88.50,235.00,95.00,167.50,497.50
F,Katie Salerni,76.30,175.00,132.50,190.00,497.50
F,Renee-Rose Garcia,121.60,215.00,95.00,187.50,497.50
F,Samantha DiBois,149.96,142.88,127.01,226.80,496.68
F,Samanntha Villnave,127.20,217.50,82.50,195.00,495.00
F,Nikki Solis,59.90,185.00,87.50,222.50,495.00
F,Bernadote Maria Vitoria,98.30,215.00,100.00,180.00,495.00
F,Aleksandra Szymczykowska,66.45,167.50,125.00,200.00,492.50
F,Jennifer Millican,62.38,185.00,112.50,195.00,492.50
F,Victoria Sukar,76.30,177.50,127.50,187.50,492.50
F,Erin Stanton,123.56,212.50,92.50,187.50,492.50
F,Vrony Peters,106.78,212.50,85.00,195.00,492.50
F,Cherrelle Moser,74.80,172.50,87.50,232.50,492.50
F,Dani LaMartina,59.70,177.50,105.00,207.50,490.00
F,Shannon Culbertson,75.00,165.00,137.50,187.50,490.00
F,Naomi Sheppard,62.80,200.00,102.50,185.00,487.50
F,Karneshia Thomas,97.80,150.00,102.50,235.00,487.50
F,Mónika Lovas,127.84,170.00,132.50,185.00,487.50
F,May-Tal Oskar,78.97,177.50,127.50,182.50,487.50
F,Christiane Hazzard,59.99,179.00,120.00,187.50,486.50
F,Stella Higgins,59.50,182.50,113.00,190.00,485.50
F,Maria Htee,60.84,185.00,105.00,195.00,485.00
F,Ashley Cooper,60.00,170.00,115.00,200.00,485.00
F,Mae Angeli Saguil,59.45,167.50,117.50,200.00,485.00
F,Giovika Kepae,105.00,215.00,92.50,177.50,485.00
F,Evie Corrigan,55.25,170.00,104.00,210.00,484.00
F,Liudmila Protchenko,89.60,175.00,153.00,155.00,483.00
F,Bobbie Butters,56.79,185.50,112.50,185.00,483.00
F,Samantha Bechard,59.00,175.00,112.50,195.00,482.50
F,Jen Smith #1,55.70,167.50,115.00,200.00,482.50
F,Clara Isabelle Häberer,62.52,177.50,105.00,200.00,482.50
F,Tabitha Gleason,59.55,175.00,92.50,215.00,482.50
F,Schae Zarew,62.25,177.50,105.00,200.00,482.50
F,Anna Kukhareva,91.60,175.00,127.50,180.00,482.50
F,Maria Dubenskaya,62.95,165.00,125.50,190.50,481.00
F,Melissa Hexter,62.30,170.00,120.50,190.00,480.50
F,Camarin Zanger,111.00,160.00,127.50,192.50,480.00
F,Quynne Davis,88.40,162.50,87.50,230.00,480.00
F,Jen Hazzard,58.29,158.76,97.52,222.26,478.54
F,Emily Hu #1,55.16,162.50,126.00,190.00,478.50
F,Sonji Baldwin,72.20,150.00,127.50,200.00,477.50
F,Shay Edwards,59.00,170.00,102.50,205.00,477.50
F,Makenna Medgyesy,73.03,170.00,125.00,182.50,477.50
F,Janis Finkelman,59.90,155.00,97.50,225.00,477.50
F,Clare Patterson,98.50,172.50,130.00,175.00,477.50
F,Nataleigh Hunter,58.95,183.00,95.00,197.50,475.50
F,Alisha Luna,51.50,165.00,100.00,210.00,475.00
F,Kie Peal,103.80,150.00,137.50,187.50,475.00
F,Betty Schmidt,67.15,162.50,125.00,187.50,475.00
F,Nancy Sarieh,71.80,160.00,80.00,232.50,472.50
F,Maiara Da Silva Días,56.65,177.50,90.00,205.00,472.50
F,Alora Griffiths,57.70,185.00,90.00,195.00,470.00
F,Angelina Bennett,55.60,170.00,105.00,192.50,467.50
F,Caitlin Berry #1,59.04,155.00,122.50,190.00,467.50
F,Vasiliki Maronikolaki,60.00,190.00,95.00,180.00,465.00
F,Christina Ryan #1,60.20,175.00,97.50,192.50,465.00
F,Taari Murray,132.70,145.00,135.00,185.00,465.00
F,Charley Leonard,58.80,170.00,105.00,190.00,465.00
F,Jenn Rotsinger,50.20,167.50,95.00,202.50,465.00
F,Catalina Pineda,55.20,168.00,85.00,210.00,463.00
F,Jessica Tesoro,59.07,167.50,102.50,192.50,462.50
F,Brittany Suplicki,56.62,167.50,105.00,190.00,462.50
F,Jaqui Carey,132.20,220.00,80.00,160.00,460.00
F,Simone Thomas,54.80,162.50,90.00,207.50,460.00
F,Yuliya Shchepina-Noymann,59.50,155.00,95.00,210.00,460.00
F,Frida De La Peña,59.55,162.50,100.00,197.50,460.00
F,Sovannphaktra Pal,56.47,177.50,90.00,190.00,457.50
F,Emily Merkt,121.95,227.50,85.00,145.00,457.50
F,Marina Krapivina,78.00,160.00,127.50,170.00,457.50
F,Antoinette Iwuagwu,59.10,173.00,87.50,195.00,455.50
F,Mélanie Girard,58.10,165.00,105.00,185.00,455.00
F,Zhadyra Bermukhambetova,83.25,165.00,130.00,160.00,455.00
F,Noémie Allabert,51.90,171.50,87.50,195.00,454.00
F,Kelsie Gavulic,55.95,162.50,100.00,190.00,452.50
F,Alessandra Cernigliaro,56.60,167.50,97.50,187.50,452.50
F,Andrea Riley,56.80,177.50,87.50,187.50,452.50
F,Alessand Cernigliaro,56.85,168.50,92.50,189.50,450.50
F,Danielle Overcash,55.20,162.50,87.50,200.00,450.00
F,Allison Weinberg,56.94,165.00,95.00,190.00,450.00
F,Lyoma Murtazaliev,60.00,140.00,135.00,175.00,450.00
F,Océane Regis,58.08,167.50,97.50,185.00,450.00
F,Maya Wright,56.00,175.00,92.50,182.50,450.00
F,Megan-Li Smith,51.75,172.00,92.50,185.00,449.50
F,Samantha Shinavier,54.20,170.00,102.50,175.00,447.50
F,Avilia Lieu,55.66,162.50,90.00,195.00,447.50
F,Megan Hurlburt,54.35,172.50,102.50,172.50,447.50
F,Adejoke Adetayo,56.30,177.50,72.50,197.50,447.50
F,Helena Mariella Decker,56.76,162.50,95.00,187.50,445.00
F,Christina Peracchi,55.37,157.50,102.50,185.00,445.00
F,Emilie Martin,55.32,170.00,92.50,182.50,445.00
F,Irina Poletaeva,62.60,152.50,127.50,165.00,445.00
F,Irina Nikulina,81.90,145.00,130.00,170.00,445.00
F,Mylène van der Spek,56.82,165.00,90.00,188.50,443.50
F,Moriah Boldon,55.31,152.50,97.50,192.50,442.50
F,Anastasiya Shevelyova,67.42,157.50,125.00,160.00,442.50
F,Kathy Le,55.70,160.00,90.00,192.50,442.50
F,Carrie Boudreau,56.00,147.42,99.79,195.04,442.25
F,Mariya Volkova,70.65,160.50,125.50,155.00,441.00
F,Yen-Tzu Huang,56.75,150.00,115.50,175.00,440.50
F,Rivkah Chaouat-Kelley,55.00,147.50,110.00,182.50,440.00
F,Joya Khairallah,56.12,155.00,100.00,185.00,440.00
F,Hui-Chun Wu,57.00,147.50,105.00,187.50,440.00
F,Keri Smith,55.80,162.50,87.50,190.00,440.00
F,Robin Ray,56.10,160.00,97.50,182.50,440.00
F,Bria Williams,54.95,172.00,85.00,182.50,439.50
F,Shizuka Rico,51.19,161.00,80.00,197.50,438.50
F,Melissa Barber,55.90,147.50,82.50,207.50,437.50
F,Pleun Dekkers,54.92,170.50,87.50,178.00,436.00
F,Jess Sewastenko,56.15,152.00,91.00,193.00,436.00
F,Elizabeth Craven,56.10,160.00,87.50,187.50,435.00
F,Becca Nunns,55.60,155.00,100.00,177.50,432.50
F,Hilma Vesterberg,65.60,147.50,127.50,157.50,432.50
F,Michelle Lin,55.29,152.50,102.50,177.50,432.50
F,Christina Lazo,55.90,170.00,87.50,175.00,432.50
F,Tiffany Chapon,49.29,165.50,95.00,170.00,430.50
F,Sarean Harmoni Gaynor-Metzinger,51.85,155.00,100.00,175.00,430.00
F,Marisa Inda,51.75,150.00,92.50,187.50,430.00
F,Gunel Talybova,55.60,150.00,90.00,190.00,430.00
F,Kellie Chong,55.22,155.00,80.00,192.50,427.50
F,Amélie Picher-Plante,51.25,155.00,87.50,183.50,426.00
F,Camille Hadrys,52.00,152.50,90.00,183.00,425.50
F,Aleksandra Aranitovic,51.90,152.50,97.50,175.00,425.00
F,Maria Ramos #1,48.00,150.00,92.50,182.50,425.00
F,Stef Kean,51.20,162.50,80.00,180.00,422.50
F,Sarah Mercer,50.20,137.50,90.00,190.00,417.50
F,Jessica Espinal,46.85,145.00,95.00,177.50,417.50
F,Catherine Gagné,50.40,155.50,80.00,180.00,415.50
F,Farhanna Farid,51.70,135.00,72.50,208.00,415.50
F,Jamie Fisher #1,50.93,137.50,107.50,170.00,415.00
F,Marie Jenevieve Joaquin,51.00,157.50,85.00,172.50,415.00
F,Sarah Klein #1,51.21,147.50,85.00,182.50,415.00
F,Joanna Rieber,51.50,150.00,97.50,165.00,412.50
F,Tina Daneshmand,51.23,140.00,95.00,177.50,412.50
F,Alison Huet,51.86,140.00,100.00,172.50,412.50
F,Heather Connor,46.71,137.50,75.00,197.50,410.00
F,Aurélie Nguyen,46.70,140.50,80.00,188.00,408.50
F,Sylvia Lovanrack,52.00,147.50,77.50,182.50,407.50
F,Samyra Abweh,51.90,135.00,97.50,175.00,407.50
F,Wei-Ling Chen,46.56,152.50,80.00,175.00,407.50
F,Elizaveta Nikitina,52.00,148.50,95.00,163.00,406.50
F,Vanessa Pineda,51.80,150.00,77.50,177.50,405.00
F,Marta Tsikitas,52.00,137.50,97.50,170.00,405.00
F,Kate Cohen,47.98,140.00,75.00,190.00,405.00
F,Carmen Bueno,51.50,145.00,92.50,167.50,405.00
F,Julianna Iuorno,51.16,152.50,111.00,140.00,403.50
F,Julie Antonova,51.50,147.50,87.50,167.50,402.50
F,Chanel Gailey,47.20,147.50,85.00,170.00,402.50
F,Leah Goldring,51.30,137.50,85.00,180.00,402.50
F,Viktoria Druziaka,51.90,152.50,92.50,155.00,400.00
F,Vicky Kijumnuayporn,46.85,142.50,90.00,167.50,400.00
F,Demetria Thaten,47.04,137.50,92.50,167.50,397.50
F,Routh Thach,51.30,145.00,87.50,165.00,397.50
F,Briana Negron,51.00,137.50,92.50,167.50,397.50
F,Leanne Le,46.27,142.00,82.50,172.50,397.00
F,Petra Blomvall,80.00,100.00,50.00,245.00,395.00
F,Sophia Waldemarson,50.70,135.00,105.00,155.00,395.00
F,Danielle Columby,50.85,150.00,77.50,167.50,395.00
F,Stacia Cambra,47.60,130.00,90.00,175.00,395.00
F,Suzanne Hartwig-Gary,51.10,150.00,81.00,163.50,394.50
F,Margaret Cooper,48.75,130.00,85.00,177.50,392.50
F,Kim Tran #1,49.12,145.00,83.00,162.50,390.50
F,Wendy Chan,47.75,138.00,79.00,170.00,387.00
F,Margaret Olock,48.40,122.50,85.00,175.00,382.50
F,Wendy Hunter,47.45,135.00,77.50,170.00,382.50
F,Mallory Brown,46.70,140.00,72.50,170.00,382.50
F,Shannon Nash,81.78,102.50,172.50,102.50,377.50
F,Annalisa Motta,46.42,132.50,82.50,162.50,377.50
F,Stina Åkemalm,46.04,130.00,77.50,165.00,372.50
F,Katherina Gindinova,47.56,127.50,87.50,157.50,372.50
F,Veronika Broner,46.80,140.00,82.50,150.00,372.50
F,Kristine Almroth,46.52,135.00,80.00,155.00,370.00
F,Tram Vo,46.40,130.00,72.50,165.00,367.50
F,Rie Kani,46.90,132.00,81.50,152.50,366.00
F,Aleksandra Otchenashko,46.42,140.00,72.50,150.00,362.50
F,María Luisa Vásquez,46.16,132.50,77.50,152.50,362.50
F,Stéphanie Legard,46.16,125.00,80.00,155.00,360.00
F,Alexis Callejo,45.70,115.00,67.50,170.50,353.00
F,Kylie Frandsen,43.20,120.00,65.00,152.50,337.50
F,Lauren Jo Wood,73.20,65.00,127.50,65.00,257.50
M,Jesus Olivares,178.20,470.00,272.50,410.00,1152.50
M,Daniel Bell #1,174.18,455.00,262.50,410.00,1127.50
M,Ray Williams #1,190.40,490.00,247.50,375.00,1112.50
M,Andrew Hause,135.10,440.00,264.00,397.00,1101.00
M,Luke Nall,155.30,432.50,277.50,380.00,1090.00
M,Josh Morris #1,178.81,417.50,250.00,410.00,1077.50
M,Thomas Davis #1,196.90,365.00,325.00,387.50,1077.50
M,Zac Meyers,129.10,405.00,285.00,387.50,1077.50
M,Larry Williams #1,128.64,394.63,292.57,387.82,1075.01
M,Eric Lilliebridge,138.80,417.50,247.50,410.00,1075.00
M,Kirill Sarychev,177.40,350.00,320.00,402.50,1072.50
M,JP Price,170.37,435.00,290.00,345.00,1070.00
M,Frank Allen #1,175.30,422.50,272.50,375.00,1070.00
M,Jezza Uepa,181.40,470.00,270.00,330.00,1070.00
M,Logan Chapman,156.76,419.57,249.48,399.16,1068.21
M,Shane Haller,139.40,420.00,252.50,392.50,1065.00
M,Jamal Browner,109.40,370.00,227.50,455.00,1052.50
M,Brad Crawford,160.60,375.00,260.00,417.50,1052.50
M,Fernando Arias,133.40,385.00,242.50,425.00,1052.50
M,Erick Lewis,166.20,397.50,272.50,375.00,1045.00
M,Danny Grigsby,121.70,350.00,207.50,487.50,1045.00
M,Zebulun Drake,142.70,400.00,250.00,395.00,1045.00
M,Craig Foster,167.50,457.50,272.50,310.00,1040.00
M,Bryan Hartsel,170.80,410.00,215.00,410.00,1035.00
M,Don Reinhoudt,158.30,408.23,263.08,362.87,1034.18
M,John Haack,95.60,347.50,272.50,410.00,1030.00
M,Temur Samkharadze,156.35,410.00,237.50,380.00,1027.50
M,Danny Grigsby Jr,121.60,365.00,210.00,450.00,1025.00
M,Phillip Herndon,117.03,411.00,230.00,383.00,1024.00
M,Derek Kendall,159.20,412.50,272.50,337.50,1022.50
M,Kelly Branton,174.01,427.50,265.00,330.00,1022.50
M,Shawn Doyle,138.90,380.00,255.00,385.00,1020.00
M,Cenk Koçak,145.37,375.00,242.50,400.50,1018.00
M,Brandon Allen #1,155.30,395.00,257.50,365.00,1017.50
M,Derek Thistlethwaite,108.50,385.00,227.50,402.50,1015.00
M,Dennis Cornelius,126.20,412.50,262.50,340.00,1015.00
M,Shane Hunt,120.20,360.00,230.00,425.00,1015.00
M,Jake Johns,148.45,372.50,265.00,375.00,1012.50
M,Theo Maddox,143.50,375.00,227.50,410.00,1012.50
M,Luke Richardson #1,147.25,403.00,222.50,385.00,1010.50
M,Pavlo Nakonechnyy,174.40,380.00,245.50,385.00,1010.50
M,Chad Wesley Smith,164.25,385.00,257.50,367.50,1010.00
M,Stan Efferding,124.74,387.50,275.00,347.50,1010.00
M,David Douglas,160.93,367.50,277.50,365.00,1010.00
M,Mikhail Koklyaev,159.10,360.00,230.00,417.50,1007.50
M,Scott Weech,148.10,387.50,252.50,365.00,1005.00
M,Marcus Crowder,138.80,367.50,260.00,377.50,1005.00
M,Rondel Hunte,118.72,370.00,252.50,380.00,1002.50
M,Rob Hall,137.00,355.00,267.50,380.00,1002.50
M,Jordan Allman,176.55,390.00,237.50,375.00,1002.50
M,Dane Dillon,138.24,365.00,235.00,402.50,1002.50
M,Blaine Sumner,166.65,415.00,240.00,347.50,1002.50
M,Konrad Blewązka,141.70,410.00,217.50,372.50,1000.00
M,Andy Huang #1,123.85,385.00,232.50,382.50,1000.00
M,Matt Wenning,134.00,392.50,277.50,330.00,1000.00
M,Brian Siders,153.77,356.07,274.42,367.41,997.90
M,Jeff Younker,138.50,370.00,267.50,360.00,997.50
M,James Strickland #1,136.10,345.00,290.00,355.00,990.00
M,Stanley Odin,159.22,375.00,230.00,385.00,990.00
M,Robb Philippus,138.90,418.50,242.50,327.50,988.50
M,Kevin Oak,107.80,380.00,235.00,372.50,987.50
M,Kade Proctor,127.80,375.00,247.50,365.00,987.50
M,Konstantīn Konstantīnovs,131.00,325.00,240.00,420.00,985.00
M,Reece Fullwood,124.90,412.50,210.00,362.50,985.00
M,Donnie Thompson #1,169.64,365.14,256.28,362.87,984.30
M,Nicolaas du Preez,119.90,370.00,230.00,382.50,982.50
M,Zach Smith #1,141.00,400.00,227.50,355.00,982.50
M,Dan Kovacs,139.66,333.39,283.50,365.14,982.03
M,Tyrel Williams,177.00,390.00,250.00,340.00,980.00
M,Beau Moore #1,157.90,350.00,265.00,365.00,980.00
M,Shahram Saki,173.80,425.00,217.50,337.50,980.00
M,Rob Spence,128.90,390.00,235.00,355.00,980.00
M,Benito Moran,171.70,380.00,247.50,351.00,978.50
M,Garrett Denham,170.50,415.00,205.00,357.50,977.50
M,Rondell Kelley,126.10,352.50,260.00,365.00,977.50
M,Husameddin Ateyia,109.25,385.00,227.50,365.00,977.50
M,Ken Cooper,136.20,322.50,257.50,397.50,977.50
M,Domenick Minnici,158.85,385.55,226.80,362.87,975.22
M,Anthony Krznar,124.80,375.00,235.00,365.00,975.00
M,Sam Solomi,157.80,385.00,235.00,355.00,975.00
M,Sergej Moser,137.00,365.00,250.00,360.00,975.00
M,Joseph Peña #1,184.40,430.00,222.50,322.50,975.00
M,Cooper Wage,165.75,380.00,260.00,335.00,975.00
M,Yury Belkin,100.00,325.00,232.50,415.00,972.50
M,Matt Sohmer,119.00,402.50,202.50,365.00,970.00
M,Nick Forte,120.60,355.00,242.50,372.50,970.00
M,Ashton Rouska,105.81,380.50,215.00,372.50,968.00
M,James Searcy,135.20,387.50,215.00,365.00,967.50
M,Michael Brinson,152.00,352.50,235.00,380.00,967.50
M,Steve Johnson #2,136.20,340.00,232.50,395.00,967.50
M,Mohamed Bouafia,130.50,390.00,222.50,355.00,967.50
M,Tony Reinmuth,166.00,400.00,242.00,325.00,967.00
M,Terry Malofou,143.65,335.00,250.00,381.00,966.00
M,Joseph Whittaker,136.00,383.00,232.50,350.00,965.50
M,Kenneth Cooper,134.90,300.00,252.50,412.50,965.00
M,Martins Kruze,159.42,400.00,230.00,335.00,965.00
M,Ivan Podrez,175.10,380.00,215.00,370.00,965.00
M,Abdulrahman Mousa,165.50,370.00,235.00,360.00,965.00
M,Tevin Browne,176.60,400.00,217.50,347.50,965.00
M,Jason Byrne #1,146.06,366.00,232.50,366.50,965.00
M,Connor Marston,193.30,405.00,250.00,310.00,965.00
M,Pei-Yu Wang,147.20,393.00,220.00,351.00,964.00
M,Jared Martin #1,124.16,388.00,210.00,365.00,963.00
M,Cody Chapel,150.80,330.00,265.00,367.50,962.50
M,Cailer Woolam,97.89,307.50,222.50,432.50,962.50
M,Griffin Uhl,120.10,342.50,220.00,400.00,962.50
M,Bryan Duncan,107.90,317.50,217.50,427.50,962.50
M,Joshua Fleming #2,123.01,376.48,238.14,347.00,961.62
M,Paul Wrenn,144.70,390.09,219.99,351.53,961.62
M,Maxavier Jean-Philippe,109.50,330.00,235.00,395.00,960.00
M,Brandon Striegel,108.60,330.00,220.00,410.00,960.00
M,Dmytro Vovk,142.50,365.00,255.00,340.00,960.00
M,Aleksandr Pirogov #2,143.30,355.00,245.00,360.00,960.00
M,Carl Thompson #1,124.70,370.00,235.00,355.00,960.00
M,Josh Spaeth,123.00,380.00,227.50,352.50,960.00
M,Aria Attia,123.74,332.50,227.50,400.00,960.00
M,Bobb Matthews,105.01,352.50,240.00,367.50,960.00
M,Holger Kuttroff,134.00,370.00,245.00,345.00,960.00
M,Michael Astrologo,138.02,380.50,242.50,335.00,958.00
M,Keenan Lee,102.94,362.50,217.50,377.50,957.50
M,Aidan Miller,109.60,365.00,227.50,365.00,957.50
M,Jason Belcher,140.00,320.00,260.00,377.50,957.50
M,Andrew Herbert,109.04,360.00,207.50,390.00,957.50
M,Sean Koch,160.95,387.50,235.00,335.00,957.50
M,Robert Knutsson,123.50,360.00,222.50,375.00,957.50
M,Tony Cliffe,119.60,350.00,245.50,360.00,955.50
M,Nikolai Fesaniuk,122.20,365.00,215.00,375.00,955.00
M,Trevor Thomas Jr,160.80,410.00,235.00,310.00,955.00
M,Laken Fluegel,126.10,342.50,247.50,365.00,955.00
M,Ilyes Boughalem,164.65,360.00,280.00,315.00,955.00
M,Jordan Faria,108.80,347.50,255.00,352.50,955.00
M,Nathan Brandhorst,129.30,350.00,237.50,367.50,955.00
M,Siim Rast,186.90,352.50,247.50,355.00,955.00
M,Bryan James Gifford,149.70,395.00,210.00,350.00,955.00
M,Derek Dowrey,175.20,385.00,230.00,340.00,955.00
M,Jackson Powell,154.00,400.00,210.00,345.00,955.00
M,Richard Wright #1,117.93,362.87,244.94,347.00,954.81
M,Lowell Clemonts,131.90,347.00,235.87,371.95,954.81
M,Johan Smith,120.00,350.00,254.00,350.00,954.00
M,Greg Panora,122.65,349.27,258.55,345.86,953.68
M,Vinson Clark,161.30,327.50,250.00,375.50,953.00
M,Trae Lounsbury,118.25,363.33,249.48,340.19,953.00
M,Lazaro Rodriguez Jr,132.70,355.00,212.50,385.50,953.00
M,Nick Minneti,140.00,362.87,231.33,358.34,952.54
M,Dan Green,100.00,350.00,227.50,375.00,952.50
M,Rubén Rico Martín,200.00,380.00,225.00,347.50,952.50
M,Randall Harris,163.00,345.00,235.00,372.50,952.50
M,George McLaren,183.30,365.00,227.50,360.00,952.50
M,Michael Carter,202.10,387.50,235.00,330.00,952.50
M,Pete Rubish,108.80,350.00,210.00,392.50,952.50
M,Tee Popoola,109.30,360.00,245.00,347.50,952.50
M,James Heely,158.56,347.50,250.00,355.00,952.50
M,Erik Willis,134.96,320.00,257.50,375.00,952.50
M,Devin Williams #1,123.49,325.00,255.50,370.00,950.50
M,Ryan Williams #1,124.90,345.00,235.00,370.00,950.00
M,Ajay Sharma,152.70,370.00,227.50,352.50,950.00
M,Dmitriy Pys,125.00,380.00,230.00,340.00,950.00
M,Perry Ellis Jr,125.00,385.00,197.50,367.50,950.00
M,Kevin Nguyen #16,124.22,355.00,222.50,372.50,950.00
M,Matt Collins #5,162.30,365.00,232.50,350.00,947.50
M,Szymon Wójtowicz,140.60,330.00,250.00,367.50,947.50
M,John Rivas,109.20,337.50,232.50,377.50,947.50
M,Oliva Kirisome,174.64,390.00,227.50,330.00,947.50
M,Dave Richardson #1,127.50,350.00,227.50,370.00,947.50
M,Scott Smith #1,120.66,349.27,256.28,340.19,945.74
M,Foster Parnell,124.10,365.00,227.50,352.50,945.00
M,Dustin Kueck,123.70,355.00,272.50,317.50,945.00
M,Chris Hockemeyer,123.00,367.50,222.50,355.00,945.00
M,Jon McDonald,118.66,342.50,237.50,365.00,945.00
M,Trevor Vasser,169.10,365.00,228.00,352.00,945.00
M,Hifon Smith,119.50,367.50,205.00,372.00,944.50
M,Tyron Senituli,164.05,358.00,241.00,345.00,944.00
M,Chris Hughes #3,154.40,317.51,249.48,376.48,943.47
M,Austin Forte,123.65,392.36,233.60,317.51,943.47
M,Andrey Konovalov #1,159.40,360.00,245.00,337.50,942.50
M,Aaron Palko,105.69,362.87,229.06,349.27,941.20
M,Krzysztof Wierzbicki,97.90,310.00,197.50,433.50,941.00
M,Jason Legrand,109.50,365.00,205.00,370.00,940.00
M,Joe Coursey,130.30,347.50,227.50,365.00,940.00
M,Konstantin Musaev,119.90,330.00,220.00,390.00,940.00
M,Tommy Hawks,151.50,370.00,220.00,350.00,940.00
M,Bryan Gifford,149.60,375.00,215.00,350.00,940.00
M,Sinan Toygar Kiliç,123.20,370.00,220.00,350.00,940.00
M,Anatolii Novopismennyi,104.00,362.50,225.00,352.50,940.00
M,Joe Sullivan,99.90,386.00,225.00,327.50,938.50
M,Brad Gillingham,151.10,320.00,235.00,382.50,937.50
M,Sebastiaan Tempelaars,169.76,375.00,245.00,317.50,937.50
M,Kamil Kamiński,143.20,350.00,247.50,340.00,937.50
M,Carlos Reyes #1,108.50,355.00,247.50,335.00,937.50
M,Franco Jose Leo Menazzi,167.00,355.00,220.00,361.00,936.00
M,Marc Sanchez,124.00,380.00,190.00,365.00,935.00
M,William Nix,116.80,355.00,245.00,335.00,935.00
M,Justin Zottl,120.60,357.50,227.50,350.00,935.00
M,Chad Penson,99.70,350.00,232.50,352.50,935.00
M,Ivaylo Hristov,119.60,380.00,195.00,360.00,935.00
M,Josh Lentz,97.90,347.50,250.00,337.50,935.00
M,Tyree Dunn,156.80,372.50,227.50,335.00,935.00
M,Ogden J Myklebust III,108.10,317.50,230.00,387.50,935.00
M,Jaisyn Mike,138.30,322.50,277.50,335.00,935.00
M,Artem Kovalchuk #1,145.55,370.00,205.00,360.00,935.00
M,Anton Kibirev,140.00,330.00,230.00,375.00,935.00
M,Hugh Cassidy,132.11,337.93,254.01,342.46,934.40
M,Markus Patschke,154.40,355.00,252.50,325.50,933.00
M,Andy Askow,179.95,375.00,235.00,322.50,932.50
M,Nick Paradiso,134.80,335.00,230.00,367.50,932.50
M,Michael Tuchscherer,120.20,347.50,207.50,377.50,932.50
M,Aaron Thompson #1,178.30,390.00,212.50,330.00,932.50
M,Dawson Windham #1,109.00,322.50,240.00,367.50,930.00
M,Mariusz Pilinski,159.80,370.00,240.00,320.00,930.00
M,Stanislav Shvetsov,122.40,340.00,250.00,340.00,930.00
M,Johnathan Oldham,114.60,372.50,205.00,352.50,930.00
M,Alex Charchuk,109.60,340.00,212.50,377.50,930.00
M,Mike Risti,113.00,335.00,210.00,385.00,930.00
M,Emil Norling,104.75,337.50,211.00,380.00,928.50
M,Jack Kenny,149.20,340.00,212.50,375.50,928.00
M,Daniel Hawkins,135.70,370.00,232.50,325.00,927.50
M,Daniel Curry,155.40,375.00,200.00,352.50,927.50
M,Troy Nash,140.00,410.00,197.50,320.00,927.50
M,Mojtaba Maleki,156.85,392.50,215.00,320.00,927.50
M,Mason Goodman,145.90,350.00,272.50,305.00,927.50
M,Brandon Dudley,120.62,355.00,202.50,370.00,927.50
M,Ian McKay #1,150.00,355.00,247.50,325.00,927.50
M,Henrique Sinihur,145.30,366.00,220.00,340.50,926.50
M,Etienne El Chaer,118.28,330.00,217.50,378.50,926.00
M,Jonah Wiendieck,119.34,340.00,250.50,335.00,925.50
M,Mohamed Sahad,119.25,375.00,220.00,330.00,925.00
M,Pablo Olivares,186.10,380.00,215.00,330.00,925.00
M,Blake Taylor #2,137.80,335.00,255.00,335.00,925.00
M,Chris Bridgeford,110.00,320.00,220.00,385.00,925.00
M,Cody Wilson #1,99.50,340.00,245.00,340.00,925.00
M,Theodore Sigismondi,123.83,319.78,215.46,387.82,923.06
M,Xiaofei Wan,118.55,335.00,265.00,322.50,922.50
M,Matt Sharafinski,118.40,342.50,202.50,377.50,922.50
M,Ryan Barletto,138.50,347.50,257.50,317.50,922.50
M,Razim Huseynov,125.00,342.50,252.50,327.50,922.50
M,Tom Davis #1,126.92,312.50,245.00,365.00,922.50
M,Omar Villegas #1,94.50,330.00,220.00,372.50,922.50
M,Jesse Norris,89.72,347.50,200.00,375.00,922.50
M,Mehdi Mafi Gholami,153.10,387.50,205.00,330.00,922.50
M,Tyler Gulbransen,138.30,295.00,227.50,400.00,922.50
M,Stanley Cocker,134.70,356.00,192.00,373.00,921.00
M,Inderraj Singh Dhillon,119.41,342.50,182.50,395.50,920.50
M,Adrian Myers,137.50,365.00,190.00,365.50,920.50
M,Ronnell Leftwich,109.00,332.50,220.00,367.50,920.00
M,Valeriy Snigirev,140.10,335.00,250.00,335.00,920.00
M,Adam Leidigh,123.30,332.50,247.50,340.00,920.00
M,Mark Macqueen,142.60,365.00,207.50,347.50,920.00
M,Igor Pedan,150.00,310.00,250.00,360.00,920.00
M,Dave Damminga,181.53,345.00,207.50,367.50,920.00
M,Andrey Belyaev #1,99.00,320.00,230.00,370.00,920.00
M,Ivan Tsigelnik,143.30,310.00,230.00,380.00,920.00
M,Alexander Clarke,124.60,310.00,227.50,382.50,920.00
M,Abdullah Faras,136.00,332.50,212.50,375.00,920.00
M,Byron Konia,143.80,320.00,220.00,380.00,920.00
M,Trey Roberson,150.60,342.50,250.00,327.50,920.00
M,Matt Disbrow,128.82,326.59,247.21,344.73,918.52
M,Jeff Barnes,171.40,342.50,205.00,370.00,917.50
M,Omar Marquez,130.30,320.00,217.50,380.00,917.50
M,Dwardly Edouard,97.65,335.00,215.00,367.50,917.50
M,Alejandro Wickham,134.46,372.50,217.50,327.50,917.50
M,Aleksandr Kim,132.10,332.50,217.50,367.50,917.50
M,Doug Allen #1,176.20,377.50,212.50,327.50,917.50
M,Anton Solodov,160.70,370.50,205.00,340.00,915.50
M,Jawon Garrison,82.50,353.00,230.00,332.50,915.50
M,Paul Kirkbride-Richards,176.40,370.00,220.00,325.00,915.00
M,Blake Lehew,82.30,320.00,220.00,375.00,915.00
M,Ryan Brent,211.40,365.00,230.00,320.00,915.00
M,Sinjin Howerton,140.00,315.00,245.00,355.00,915.00
M,Adam Garcia #1,123.60,315.00,232.50,367.50,915.00
M,Bryan Alm,161.30,365.00,215.00,335.00,915.00
M,Sergey Daragan,120.60,310.00,220.00,385.00,915.00
M,Dominic Melvin,139.65,322.50,252.50,340.00,915.00
M,Dylan Sells,121.40,295.00,255.00,365.00,915.00
M,Joe Jackson #1,139.00,375.00,210.00,330.00,915.00
M,Maurice Moody,131.90,324.32,256.28,333.39,913.99
M,Nam Shartzer,121.83,356.07,249.48,308.44,913.99
M,Phillip Mardis,124.00,322.50,265.00,325.00,912.50
M,Andrew Fox #1,130.20,365.00,212.50,335.00,912.50
M,Júlían J.K. Jóhannsson,167.85,330.00,210.00,372.50,912.50
M,Duncan Hundley,132.00,385.00,220.00,305.00,910.00
M,Michael Zivanovich,164.10,345.00,245.00,320.00,910.00
M,Rudy Harbin,200.00,367.50,222.50,320.00,910.00
M,Kyle Lockhart,186.30,365.00,250.00,295.00,910.00
M,Robert Thompson Jr,175.50,352.50,272.50,285.00,910.00
M,Zach Severin,173.10,365.00,245.00,300.00,910.00
M,Lee Seeley,109.00,322.50,212.50,375.00,910.00
M,Kenneth Hunt Jr,169.30,320.00,287.50,302.50,910.00
M,Jay Mullens,142.88,295.00,250.00,365.00,910.00
M,Robert Wilkerson,164.80,375.00,265.00,270.00,910.00
M,Oluwatofunmi Fadesire,171.50,400.00,175.00,332.50,907.50
M,Lorenzo Barnes,176.98,365.00,222.50,320.00,907.50
M,Jeffrey Seath,125.00,305.00,227.50,375.00,907.50
M,Orhan Bilican,127.00,370.00,215.00,322.50,907.50
M,Derek Vonnahme,150.32,330.00,247.50,330.00,907.50
M,Craig Houghton,137.75,332.50,205.00,370.00,907.50
M,Brandon Carpenter,135.80,382.50,217.50,307.50,907.50
M,Amandas Paulauskas,118.75,317.50,250.00,340.00,907.50
M,Pedro Dela Cerda,168.40,365.00,240.00,302.50,907.50
M,James Dollman Jr,131.70,325.00,250.00,332.50,907.50
M,Andrew Sullivan,139.30,365.00,217.50,325.00,907.50
M,Trey Godbold,124.95,285.00,282.50,340.00,907.50
M,Erich Blanton,130.10,365.00,215.00,327.50,907.50
M,Eugene Bazemore,136.70,300.00,240.00,367.50,907.50
M,Martin Borgland Rønning,163.50,330.00,252.50,325.00,907.50
M,Stephen Coleman #1,130.40,320.00,255.00,332.50,907.50
M,Marco Galindo,89.70,332.50,215.00,360.00,907.50
M,Walter Kupihe,163.30,317.50,257.50,332.50,907.50
M,Patrick Horvath,105.30,315.00,197.50,395.00,907.50
M,Bruno Boucher,136.90,370.00,230.00,307.50,907.50
M,Chris Jones #2,122.20,332.50,250.00,325.00,907.50
M,Carrington Amadi,136.94,322.50,200.00,385.00,907.50
M,Joseph Amendola,104.55,322.50,265.00,320.00,907.50
M,Chad Holmes #1,110.00,328.85,204.12,374.21,907.19
M,Patrick Maguire #1,144.33,351.53,254.01,301.64,907.18
M,Dorrell Petties-Dahmer,125.70,320.00,185.00,401.00,906.00
M,Drake Stephens #1,89.80,312.50,235.00,357.50,905.00
M,Romuald Massé,151.02,350.00,255.00,300.00,905.00
M,Wesley Hall #1,138.40,325.00,210.00,370.00,905.00
M,Donovan Bennett,124.74,369.68,201.85,333.39,904.92
M,Larry Pacifico,110.00,340.19,247.21,317.52,904.92
M,Joseph White #1,136.64,362.87,217.72,322.05,902.65
M,Ryan Dean,107.68,371.95,213.19,317.51,902.65
M,Aleksey Grin,140.00,330.00,250.00,322.50,902.50
M,Matt Baller,139.10,330.00,262.50,310.00,902.50
M,Levon Tavakalov,104.60,307.50,225.00,370.00,902.50
M,Tuomas Hautala,119.84,307.50,213.00,380.00,900.50
M,Murad Alibegov,125.00,315.00,260.00,325.00,900.00
M,Ryan Kenny,122.30,327.50,200.00,372.50,900.00
M,David Woolson,107.77,325.00,200.00,375.00,900.00
M,Sergey Akhlestin,110.00,330.00,195.00,375.00,900.00
M,Sebastian McLarin,155.90,320.00,205.00,375.00,900.00
M,Aleksandr Zaytsev,130.10,350.00,250.00,300.00,900.00
M,万肖飞,119.50,325.00,255.00,320.00,900.00
M,Abdul Majeed Sulayman,104.40,325.00,205.00,370.00,900.00
M,Joey DeGiovine,125.00,306.17,272.16,319.78,898.11
M,Jose Flores #9,120.50,367.50,212.50,317.50,897.50
M,Brandon Rosete,162.70,390.00,175.00,332.50,897.50
M,Bryce Krawczyk,117.32,315.00,195.00,385.50,895.50
M,Giacomo Bifaro,152.02,370.50,220.00,305.00,895.50
M,Asif Ahmed,178.20,380.00,215.00,300.00,895.00
M,Sawyer Klatt,107.50,325.00,185.00,385.00,895.00
M,Kevin Koch #1,163.13,325.00,270.00,300.00,895.00
M,Konnor Hayes,151.10,317.50,250.00,327.50,895.00
M,Sean Green #3,124.30,327.50,192.50,375.00,895.00
M,Justin Suplee,123.30,285.00,200.00,410.00,895.00
M,Leland Tien,132.90,317.51,258.55,317.51,893.58
M,Jacob Williams,136.90,363.00,221.00,309.00,893.00
M,Brock Hertrampf,137.19,365.00,210.00,317.50,892.50
M,Cory Jenkins,102.00,325.00,187.50,380.00,892.50
M,Jeremy Avilla,98.97,322.50,192.50,377.50,892.50
M,Barrett Prudue,137.00,327.50,245.00,320.00,892.50
M,LaRodrick Duncan,151.27,365.00,220.00,307.50,892.50
M,Toni Salin,130.40,310.00,260.00,320.00,890.00
M,Nathan Alexander #1,121.50,320.00,195.00,375.00,890.00
M,Michael Neal,167.20,345.00,255.00,290.00,890.00
M,David Puckett,155.30,380.00,192.50,317.50,890.00
M,Jason Schrauth,161.30,300.00,250.00,340.00,890.00
M,Ryan Critti,138.80,362.87,208.65,317.51,889.04
M,Robert Dempsey #1,145.00,362.87,208.65,317.52,889.04
M,Maxim Podtynnyy,118.90,327.50,185.00,376.00,888.50
M,Gustabo Muñoz,150.80,305.00,205.00,377.50,887.50
M,Michael Belk,124.33,320.00,262.50,305.00,887.50
M,Sam Watt,104.85,325.00,195.00,367.50,887.50
M,Christopher Acosta-Tapia,101.18,325.00,185.00,375.50,885.50
M,Jacob Kilgore,114.55,300.00,212.50,372.50,885.00
M,Yaroslav Trubichkin,103.60,365.00,195.00,325.00,885.00
M,Russel Orhii,89.86,340.00,195.00,350.00,885.00
M,Pantelis Sapounakis,122.00,375.00,210.00,300.00,885.00
M,Wil Dejong,124.00,307.50,202.50,375.00,885.00
M,Darrell Cooley,158.21,367.41,199.58,317.51,884.51
M,Kierran Leith,153.00,366.00,187.50,330.00,883.50
M,Aleksey Pavlovskiy #1,110.75,320.00,252.50,310.00,882.50
M,Trey Cormier,166.40,310.00,205.00,367.50,882.50
M,Chistopher Jarrell,98.90,317.50,245.00,320.00,882.50
M,Jamey Grotjahn,178.11,310.00,247.50,322.50,880.00
M,Ahmed Hassanin,167.60,365.00,225.00,290.00,880.00
M,Panagiotis Perentis,88.50,320.00,185.00,375.00,880.00
M,Chance Mitchell #1,92.10,315.00,190.00,373.50,878.50
M,Ove Lehto,142.05,300.00,245.50,332.50,878.00
M,Mario Risso,133.40,292.50,250.00,335.00,877.50
M,Kyle Stewart,123.60,282.50,250.00,345.00,877.50
M,Travis Calloway,106.70,315.00,245.00,317.50,877.50
M,Maliek Derstine,89.30,353.00,245.00,277.50,875.50
M,Josh Thiel,150.00,365.00,205.00,305.00,875.00
M,Kerry Dennison,116.40,297.50,210.00,367.50,875.00
M,Imre Lovász,109.80,335.00,167.50,371.00,873.50
M,Tero Seppänen,139.32,308.00,245.00,320.00,873.00
M,Yuhang Cao,151.75,382.50,200.00,290.00,872.50
M,Jim Nuttall,107.10,290.00,202.50,380.00,872.50
M,Roy Holte,124.00,295.50,245.00,330.50,871.00
M,Justin Shepherd,167.30,312.50,257.50,300.00,870.00
M,Luigi Fagiani,110.00,302.50,200.00,367.50,870.00
M,Roman Polyakov,148.00,320.00,250.00,300.00,870.00
M,Cody O'Connell,196.10,295.00,245.00,330.00,870.00
M,Aleksandr Obukhovich,103.90,285.00,200.00,385.00,870.00
M,Yousef Jammal,101.80,310.00,187.50,370.00,867.50
M,Michael Bales,123.70,287.50,252.50,327.50,867.50
M,Jay Brophy,123.30,320.00,252.50,295.00,867.50
M,John Cuevas #1,139.40,365.00,195.00,307.50,867.50
M,Ben Pollack,89.00,320.00,182.50,363.00,865.50
M,Garrett Fear,99.60,310.00,185.00,370.00,865.00
M,Bradly Shepherd,149.40,365.00,195.00,305.00,865.00
M,Joe Norman,116.50,322.50,250.00,292.50,865.00
M,Vasiliy Petrov,131.70,315.00,245.00,305.00,865.00
M,Marc Cardinal,118.30,300.00,192.50,372.50,865.00
M,Jason Lloyd,159.30,365.00,227.50,272.50,865.00
M,Joe Lecuyer,142.60,310.00,245.00,310.00,865.00
M,Ken Ufford,145.00,265.35,229.06,369.68,864.09
M,Sascha Stendebach,92.41,280.00,210.00,373.00,863.00
M,Kyle Alexander #1,108.20,325.00,172.50,365.50,863.00
M,Tim Schmidt,139.21,305.00,247.50,310.00,862.50
M,Zachary Wiley,99.00,307.50,250.00,305.00,862.50
M,Matthew Eldridge,150.00,365.00,210.00,287.50,862.50
M,Ramsey Johnson,149.20,365.00,195.00,302.50,862.50
M,Jonathan Czerwin,98.60,300.00,192.50,370.00,862.50
M,Ricardo Coloma,156.50,366.50,220.50,275.00,862.00
M,Bryce Kuznia,94.50,317.50,162.50,380.00,860.00
M,Jay Hollingsworth,107.70,300.00,190.00,370.00,860.00
M,Alexander Karpenko,86.20,330.00,185.00,345.00,860.00
M,Sanchez Dillon,105.00,290.00,182.50,387.50,860.00
M,Allen Baria,122.80,367.50,265.00,227.50,860.00
M,Antonio Mu,173.50,317.50,245.00,295.00,857.50
M,Shawn Crandall,130.70,290.00,185.00,382.50,857.50
M,Kalil Zaky,99.95,275.00,200.00,382.50,857.50
M,Heath Orr,123.40,300.00,257.50,300.00,857.50
M,Mike Marini,136.40,365.00,192.50,300.00,857.50
M,Mel Hennessy,103.42,301.64,259.00,294.84,855.48
M,Seth Ruff,121.86,365.00,175.00,315.00,855.00
M,Mohammed Shamsalden Ali,153.80,375.00,180.00,300.00,855.00
M,Bobby Gay,175.09,299.37,254.01,299.37,852.75
M,Simon Ducotterd,99.80,305.00,180.00,367.50,852.50
M,David Troutt,105.20,305.00,170.00,377.50,852.50
M,Adam Rockwell,143.20,290.00,245.00,317.50,852.50
M,Austin Perkins #1,74.24,313.50,200.00,337.50,851.00
M,Kim Gustafsson,144.76,290.00,190.00,370.50,850.50
M,Benedikt Magnússon #1,150.00,300.00,150.00,400.00,850.00
M,Aleksandr Sedykh,115.20,370.00,210.00,270.00,850.00
M,Manuel Martinez,169.60,377.50,190.00,282.50,850.00
M,Chris Hepler,139.07,362.87,183.70,301.64,848.22
M,Shawn Fauntleroy Jr,142.60,365.50,205.00,277.50,848.00
M,Jordon Wong,99.50,365.00,187.50,295.00,847.50
M,Jeremy Hoornstra,109.10,275.00,285.00,285.00,845.00
M,Michael Eaton,109.27,295.00,180.00,370.00,845.00
M,Miloš Vukicević,124.50,300.00,245.00,300.00,845.00
M,Sione Tupouniua,139.40,297.50,250.00,295.00,842.50
M,Gregory Johnson,102.30,297.50,170.00,372.50,840.00
M,Nick Terry,103.90,262.50,260.00,317.50,840.00
M,Taylor Atwood,73.63,303.00,195.00,340.50,838.50
M,Jarmo Räinä,140.80,265.00,260.00,312.50,837.50
M,Mark Williams #1,134.90,300.00,250.00,287.50,837.50
M,Amit Sapir,99.40,372.50,187.50,275.00,835.00
M,Delaney Wallace,82.90,305.00,200.00,330.00,835.00
M,Mathew Gray,171.90,365.00,192.50,275.00,832.50
M,Tim Berger,130.00,287.50,245.00,300.00,832.50
M,Ephraim Peckinpah,93.60,285.00,175.00,370.00,830.00
M,Chris Garcia #1,81.20,305.00,197.50,327.50,830.00
M,Mohammed Abousinan,189.17,370.00,160.00,300.00,830.00
M,Yuriy Vasilev #3,154.90,265.00,245.00,320.00,830.00
M,Tural Gasanov,82.40,300.00,190.00,340.00,830.00
M,Marcin Karkula,174.90,300.00,250.00,280.00,830.00
M,Rodney Nelson,158.85,322.05,258.55,247.21,827.81
M,Liam Newell,89.80,275.00,150.00,402.50,827.50
M,Joseph Hannon,105.50,275.00,182.50,370.00,827.50
M,Fredrik Smulter,152.80,280.00,262.50,285.00,827.50
M,Michael Tennant,104.70,280.00,177.50,368.00,825.50
M,Aleksey Nikulin #1,80.10,345.00,180.00,300.00,825.00
M,Branden Short,84.40,282.50,197.50,345.00,825.00
M,Sean Noriega,82.90,285.00,210.00,330.00,825.00
M,Darrion Jones,133.60,277.50,245.00,300.00,822.50
M,Jurins Kengamu,82.70,310.50,177.50,332.50,820.50
M,Christopher Perez #1,82.40,290.00,200.00,330.00,820.00
M,Robert Parisi,132.60,365.00,172.50,282.50,820.00
M,Justin Ruiz,138.20,272.50,245.00,302.50,820.00
M,Angelo Fortino,81.92,297.50,165.00,357.00,819.50
M,Mario Pacione,151.30,272.50,245.00,300.00,817.50
M,Jon Gruden,82.09,305.00,200.00,312.50,817.50
M,Oran Smith,109.77,288.03,249.48,278.96,816.47
M,Alexey Pissarevskiy,133.40,280.00,245.00,290.00,815.00
M,Keith Correa,73.70,272.50,177.50,365.00,815.00
M,Alex Luckow,82.07,287.50,182.50,343.00,813.00
M,Enahoro Asein,82.40,277.50,155.00,380.00,812.50
M,Timothy Monigatti,82.85,307.50,182.50,322.50,812.50
M,Roman Stupnikov,82.40,270.00,185.00,355.00,810.00
M,Richard Ficca,139.71,250.00,265.00,295.00,810.00
M,Jamaris Davis,82.45,287.50,190.00,330.00,807.50
M,Mikhail Likhach,109.80,260.00,265.50,280.00,805.50
M,Matt Barrie,124.28,280.00,252.50,272.50,805.00
M,Teo Kalogjera,82.50,290.00,215.00,300.00,805.00
M,Pavel Cheredov,116.70,300.00,250.00,252.50,802.50
M,Dexter Jones,81.90,287.50,210.00,305.00,802.50
M,Chip E'Dalgo,115.21,275.00,245.00,282.50,802.50
M,Arkadiy Shalokha,82.19,319.78,176.90,303.91,800.59
M,Joseph Borenstein,74.79,272.50,190.00,338.00,800.50
M,Kafui Hotsonyame,82.20,285.50,175.00,340.00,800.50
M,Kjell Egil Bakkelund,73.65,262.50,207.50,330.00,800.00
M,Andrew Sia,81.00,292.50,212.50,295.00,800.00
M,Mikhail Algash,127.75,300.00,250.00,250.00,800.00
M,Anthony Bilal,81.87,297.50,197.50,305.00,800.00
M,Seun Jubril,81.35,257.50,182.50,360.00,800.00
M,Joseph Brandenburg,82.10,295.00,190.00,315.00,800.00
M,Londell Pina,184.61,274.42,249.48,274.42,798.32
M,Matthew Schenone,81.30,317.50,180.00,300.00,797.50
M,Nick Manders,82.55,265.00,165.00,367.50,797.50
M,Fatah Toubal,81.60,295.00,185.00,317.50,797.50
M,Jerald Scott,81.40,287.50,187.50,320.00,795.00
M,Jimmy Villanueva,81.05,280.00,182.50,327.50,790.00
M,Anthony Hobaica,81.01,282.50,210.00,295.50,788.00
M,Johnathon Carlisle,80.70,292.50,190.00,305.00,787.50
M,Micheal Seay,75.35,295.00,190.00,300.00,785.00
M,Carl Johansson,73.65,267.50,182.50,328.00,778.00
M,Christopher Roberts,79.25,310.00,162.50,305.00,777.50
M,Richard Cho,76.00,267.50,165.00,335.00,767.50
M,Jared Burton,105.20,265.00,247.50,255.00,767.50
M,Justin Osano,74.51,280.00,185.00,295.00,760.00
M,Cameron Harmon #1,72.97,292.50,160.00,307.50,760.00
M,Kyle Keough,74.80,260.00,182.50,315.00,757.50
M,Chun-Chia Fan,73.25,252.50,205.00,300.00,757.50
M,Paul Nguyen #1,75.00,265.00,162.50,330.00,757.50
M,Zachary DiCostanzo,73.45,280.00,172.50,305.00,757.50
M,Chris Kennedy #1,73.60,265.00,181.50,310.50,757.00
M,Micah Marino,75.00,242.50,182.50,330.50,755.50
M,Steven Day,73.85,282.50,172.50,295.00,750.00
M,Yu Utsugi,73.90,272.50,175.00,302.50,750.00
M,Rostislav Petkov,73.89,267.50,191.00,290.00,748.50
M,Tony Conyers,75.00,263.08,183.70,301.64,748.43
M,Ryan Loverich,74.50,267.50,172.50,307.50,747.50
M,Peter Hoang,74.70,255.00,192.50,300.00,747.50
M,Daniel Clements,66.76,260.00,162.50,323.00,745.50
M,Yoshihiro Higa,73.85,282.50,157.50,305.00,745.00
M,Simon Chang,74.80,275.00,172.50,297.50,745.00
M,Dallas Bey,74.59,262.50,180.00,302.50,745.00
M,Josiah Vivero,74.98,267.50,185.00,292.50,745.00
M,Yuya Fujii,74.88,270.00,175.00,300.00,745.00
M,Charles Okpoko,72.25,285.00,172.50,285.00,742.50
M,Joshua Wright #1,73.40,242.50,185.00,315.00,742.50
M,Anas Anbar,74.57,257.50,195.00,290.00,742.50
M,Eric LaPointe,74.71,252.50,167.50,322.50,742.50
M,Mark Frezzell,74.46,247.50,185.00,310.00,742.50
M,Alexander Eriksson,73.50,250.00,182.50,307.50,740.00
M,Jacob Rozehnal,74.70,260.00,190.00,290.00,740.00
M,Eddie Berglund,71.65,255.00,212.00,272.50,739.50
M,Michael Estrella,67.30,242.50,192.50,303.00,738.00
M,Tony Nguyen #1,74.70,262.50,165.00,310.00,737.50
M,Daniel Perales,128.20,227.50,245.00,265.00,737.50
M,Phillip Bennett #1,75.80,275.00,177.50,285.00,737.50
M,Evan Judice,74.80,260.00,187.50,290.00,737.50
M,Leonardo Sucitra,73.70,268.50,160.00,308.50,737.00
M,Nabil Lahlou,74.50,252.50,140.00,342.50,735.00
M,Edward Wilson #1,73.00,265.00,150.00,317.50,732.50
M,Michael Coladipietro,72.70,270.00,157.50,305.00,732.50
M,Jacob Ramos #1,74.76,270.00,185.00,277.50,732.50
M,Keith McHoney,68.30,272.50,165.00,295.00,732.50
M,Yakov Ionin,73.45,267.50,175.00,290.00,732.50
M,Pablo Anderson Perez,73.85,260.00,170.00,300.50,730.50
M,Tim Evans,132.45,226.80,247.21,256.28,730.28
M,Kim Tran #2,73.15,260.00,182.50,287.50,730.00
M,Clinton Lee #1,72.95,260.00,162.50,307.50,730.00
M,Steven Vu,74.35,275.00,137.50,317.50,730.00
M,Deon Johnston,74.52,267.50,190.00,272.50,730.00
M,Elijah Morrison,74.00,278.00,172.00,279.00,729.00
M,Kavwa Sichone,73.95,255.00,177.50,295.00,727.50
M,Anton Rybalov,101.55,230.00,247.50,250.00,727.50
M,Joseph Jordan #2,73.25,260.00,172.50,295.00,727.50
M,Matthias Cash,74.70,267.50,157.50,302.50,727.50
M,Blake Barrett,73.85,260.00,167.50,300.00,727.50
M,Kian Terrado,71.88,268.00,155.00,302.50,725.50
M,Alberto Herraiz Francés,72.80,271.00,165.00,288.00,724.00
M,Dylan Nelson #1,73.80,281.50,160.00,282.50,724.00
M,Dzmitry Alizarchyk,123.60,205.00,245.00,272.50,722.50
M,Connor Lutz,73.70,250.00,192.50,280.00,722.50
M,Mark Tobias,73.96,280.00,155.00,287.50,722.50
M,Raymond Phillips,62.87,265.35,158.76,297.10,721.21
M,Christopher Pivin,73.60,262.50,170.00,285.00,717.50
M,Morgan Aquino Garcia,66.92,252.50,182.50,280.00,715.00
M,Brian Le #1,65.40,242.50,152.50,318.50,713.50
M,Gerald Dionio,67.04,240.00,182.50,290.00,712.50
M,Kyota Ushiyama,65.80,240.00,172.50,300.00,712.50
M,Omar Ashraf,73.25,247.50,175.00,290.00,712.50
M,Kasemsand Senumong,65.58,255.50,155.00,300.00,710.50
M,Panagiotis Tarinidis,67.72,260.00,167.50,280.00,707.50
M,Kyle Nowak #1,69.50,237.50,145.00,322.50,705.00
M,Jonathan Garcia #1,65.85,275.50,170.00,257.50,703.00
M,Charlie Yeng,66.51,247.50,157.50,297.50,702.50
M,Austin Nikolai,66.75,265.00,142.50,295.00,702.50
M,Sergey Gladkikh,65.95,255.00,165.00,280.00,700.00
M,Sunxiang Feng,64.50,235.00,200.00,265.00,700.00
M,Ilya Marichev,66.00,252.50,142.50,305.00,700.00
M,Doni Meiyanto,70.55,235.00,150.00,310.50,695.50
M,Avery Jackson #2,67.40,252.50,155.00,277.50,685.00
M,Tsung-Ting Hsieh,65.70,237.50,175.00,270.00,682.50
M,Thomas Soto,67.40,245.50,152.50,282.50,680.50
M,Ahmadreza Babaahmadimilani,65.82,250.00,145.00,282.50,677.50
M,Rodrigo Manzo,65.80,220.00,155.00,300.00,675.00
M,CJ Shuford,67.05,245.00,150.00,280.00,675.00
M,Matthew Arremony,69.05,235.00,147.50,290.00,672.50
M,Sergey Fedosienko,59.00,228.00,167.50,275.00,670.50
M,Anthony Yatos,67.50,257.50,140.00,272.50,670.00
M,Luke McCain,66.60,247.50,145.00,277.50,670.00
M,Yusuke Satake,65.85,242.50,160.00,262.50,665.00
M,Stephen Cascioli,67.50,248.50,153.00,262.50,664.00
M,Michael Ebanks,67.40,250.00,145.00,267.50,662.50
M,Mikay Ye,66.99,232.50,145.00,285.00,662.50
M,Albert Le,67.31,240.00,170.00,250.00,660.00
M,Zachary Ryan,66.30,237.50,165.00,257.50,660.00
M,Alexander Kolbin,65.90,232.50,155.00,270.50,658.00
M,Antti Savolainen,65.43,222.50,155.00,280.00,657.50
M,Yusuke Inoue,65.75,240.00,160.00,255.00,655.00
M,Viki Aryanto,65.85,225.00,155.00,273.50,653.50
M,Tyler Moreau,119.00,367.41,219.99,65.77,653.17
M,Huy Hathuc,66.70,220.00,167.50,265.00,652.50
M,Tristan Ho,65.45,234.50,162.50,255.00,652.00
M,Xin Miao Koh,65.80,240.00,140.00,270.00,650.00
M,Mikhail Andryukhin,65.60,240.00,140.00,270.00,650.00
M,Peter Ou,66.50,212.50,145.00,290.50,648.00
M,Terel Monroe,65.37,227.50,137.50,282.50,647.50
M,Clifton Pho,64.68,220.00,140.00,287.00,647.00
M,Sergey Skochek,65.10,210.00,175.50,260.00,645.50
M,Ong Wei Chaai,65.75,232.50,132.50,280.50,645.50
M,Sean Ambrocio,66.30,230.00,145.00,270.00,645.00
M,Taiga Sato,65.74,225.00,150.00,270.00,645.00
M,Luke Homer,65.50,250.00,125.00,270.00,645.00
M,Chaai Ong Wei,65.05,230.00,132.50,282.50,645.00
M,Tyler Marcel,65.85,215.00,165.00,262.50,642.50
M,Farod-James Kee,139.99,125.00,272.50,245.00,642.50
M,Jake Allison #1,65.90,227.50,137.50,277.50,642.50
M,Chaoke Hu,64.65,235.00,140.00,262.50,637.50
M,Miao Koh Xin,65.45,235.00,142.50,260.00,637.50
M,Luke Frandsen,64.90,227.50,157.50,250.00,635.00
M,Wascar Carpio,59.00,222.50,142.50,260.00,625.00
M,Joe Morrow,62.20,217.50,142.50,262.50,622.50
M,Brian Galloway,62.51,238.14,167.83,213.19,619.15
M,Vladimir Serkin,59.00,230.00,155.00,230.00,615.00
M,Sergio Watkins,61.50,220.00,117.50,275.00,612.50
M,Sergio Santiago Watkins,58.80,205.00,115.00,290.00,610.00
M,Precious McKenzie,55.90,230.00,130.00,250.00,610.00
M,Kenneth Imperial,59.75,215.00,140.00,252.50,607.50
M,JC Emmanuel Mbimba,59.80,212.50,145.00,250.00,607.50
M,Kole Metts,58.95,235.00,127.50,240.00,602.50
M,Iván Campano Díaz,59.00,210.00,130.00,262.50,602.50
M,Franklin León,59.00,225.00,140.00,237.50,602.50
M,Andrzej Stanaszek,52.10,292.50,167.50,140.00,600.00
M,Kwaku Nyarko,58.85,212.50,130.00,252.50,595.00
M,Richard Hawthorne,59.87,226.80,117.93,249.48,594.21
M,Ayumi Hisatsune,58.85,205.00,137.50,245.00,587.50
M,Antoine Garcia,58.80,217.50,127.50,242.50,587.50
M,Dalton LaCoe,56.46,192.50,135.00,260.00,587.50
M,Chase Chapa,58.30,205.00,132.50,245.00,582.50
M,Ishtyaq Nabi,58.76,185.00,135.00,262.50,582.50
M,Christopher Padilla,59.70,202.50,140.00,240.00,582.50
M,Mark Brandenburg,59.60,200.00,135.00,247.50,582.50
M,Roderick Brown,59.50,202.50,147.50,232.50,582.50
M,Winkler Wagas,59.40,202.50,132.50,245.00,580.00
M,Deion Harichandran,59.00,200.00,132.50,247.50,580.00
M,Boris Komissarov,58.78,210.00,160.00,210.00,580.00
M,Ethan Carranza,58.50,192.50,137.50,250.00,580.00
M,Shaheed Bryant,57.24,195.00,152.00,232.50,579.50
M,Gene Chong Eu,58.35,225.50,127.50,225.00,578.00
M,Dariusz Wszoła,58.58,215.00,150.00,212.50,577.50
M,Ji Hoon Jeong,57.99,215.00,130.00,227.50,572.50
M,Takaharu Ebihara,58.50,197.50,140.00,235.00,572.50
M,Sławomir Śledź,58.62,197.50,150.00,222.50,570.00
M,Michael Booker #1,54.00,250.00,170.00,150.00,570.00
M,Pradeep S.sumudu,57.75,202.50,127.50,235.00,565.00
M,Kyosuke Yoshioka,56.73,195.00,145.00,225.00,565.00
M,James Henderson #1,178.50,60.00,310.00,182.50,552.50
M,David Montiel Caballero,52.80,210.00,145.00,172.50,527.50
M,Torien Baker,52.00,190.00,120.00,200.00,510.00
M,张庆,50.65,180.00,110.00,217.50,507.50
M,Tom Hardman,125.00,115.00,275.00,115.00,505.00
M,Doyle Kenady,133.20,60.00,65.00,377.50,502.50
M,Viktor Kondakov,134.33,100.00,260.00,100.00,460.00
M,Rock Lewis,100.00,24.95,249.48,183.71,458.13
M,Brett Russell,110.00,25.00,25.00,390.00,440.00
M,Doug Young,125.00,25.00,267.50,115.00,407.50
M,Ted Arcidi,125.00,60.00,247.50,65.00,372.50
